Formula	Substance	b0_cm3_gmol	sigma_Angstrom	epsilon_kB_K	cas_no
Ar	Argon	56.08	3.542	93.3	7440-37-1
He	Helium	20.95	2.551	10.22	7440-59-7,71086-78-7
Kr	Krypton	61.62	3.655	178.9	7439-90-9
Ne	Neon	28.3	2.82	32.8	7440-01-9
Xe	Xenon	83.66	4.047	231.0	7440-63-3,20222-53-1
Air	Air	64.5	3.711	78.6	
AsH3	Arsine	89.88	4.145	259.8	7784-42-1
BCl3	Boron chloride	170.1	5.127	337.7	10294-34-5,75507-65-2,37226-51-0
BF3	Boron fluoride	93.35	4.198	186.3	7637-07-2,16045-88-8,15875-25-9
B(OCH3)3	Methyl borate	210.3	5.503	396.7	121-43-7,3349-42-6,63156-11-6,1212-43-7
Br2	Bromine	100.1	4.296	507.9	7726-95-6
CCl4	Carbon tetrachloride	265.5	5.947	322.7	56-23-5
CF4	Carbon tetrafluoride	127.9	4.662	134.0	75-73-0,60346-90-9
CHCl3	Chloroform	197.5	5.389	340.2	67-66-3
CH2Cl2	Methylene chloride	148.3	4.898	356.3	75-09-2
CH3Br	Methyl bromide	88.14	4.118	449.2	74-83-9
CH3Cl	Methyl chloride	92.31	4.182	350.0	74-87-3,2108-20-5
CH3OH	Methanol	60.17	3.626	481.8	67-56-1,170082-17-4,77810-22-1
CH4	Methane	66.98	3.758	148.6	74-82-8,14493-06-2,150036-83-2,8006-14-2,58760-46-6
CO	Carbon monoxide	63.41	3.69	91.7	630-08-0,35907-63-2,147965-81-9
COS	Carbonyl sulfide	88.91	4.13	336.0	463-58-1
CO2	Carbon dioxide	77.25	3.941	195.2	124-38-9,18923-20-1,26796-46-3,2684-00-6
CS2	Carbon disulfide	113.7	4.483	467.0	75-15-0,12539-80-9
C2H2	Acetylene	82.79	4.033	231.8	74-86-2,60382-96-9,12070-15-4
C2H4	Ethylene	91.06	4.163	224.7	74-85-1,87701-65-3
C2H6	Ethane	110.7	4.443	215.7	74-84-0
C2H5Cl	Ethyl chloride	148.3	4.898	300.0	75-00-3,25854-33-5,7371-46-2,25052-55-5
C2H5OH	Ethanol	117.3	4.53	362.6	64-17-5,42845-45-4
C2N2	Cyanogen	104.7	4.361	348.6	460-19-5
CH3OCH3	Methyl ether	100.9	4.307	395.0	115-10-6,157621-61-9
CH2CHCH3	Propylene	129.2	4.678	298.9	115-07-1,90530-12-4,97102-85-7,26063-22-9
CH3CCH	Methylacetylene	136.2	4.761	251.8	74-99-7,7299-37-8,28391-48-2
C3H6	Cyclopropane	140.2	4.807	248.9	75-19-4
C3H8	Propane	169.2	5.118	237.1	74-98-6,130071-47-5,36427-14-2
n-C3H7OH	n-Propyl alcohol	118.8	4.549	576.7	71-23-8,142583-61-7,62309-51-7
CH3COCH3	Acetone	122.8	4.6	560.2	67-64-1
CH3COOCH3	Methyl acetate	151.8	4.936	469.8	79-20-9
n-C4H10	n-Butane	130.0	4.687	531.4	106-97-8
iso-C4H10	Isobutane	185.6	5.278	330.1	75-28-5
C2H5OC2H5	Ethyl ether	231.0	5.678	313.8	60-29-7,667919-88-2
CH3COOC2H5	Ethyl acetate	178.0	5.205	521.3	141-78-6
n-C5H12	n-Pentane	244.2	5.784	341.1	109-66-0,107949-95-1,102056-77-9,9078-70-0
C(CH3)4	2,2-Dimethylpropane	340.9	6.464	193.4	463-82-1,1320-76-9
C6H6	Benzene	193.2	5.349	412.3	71-43-2,54682-86-9,25053-22-9,62485-97-6,26181-88-4,3355-34-8
C6H12	Cyclohexane	298.2	6.182	297.1	110-82-7,12217-02-6
n-C6H14	n-Hexane	265.7	5.949	399.3	110-54-3,92112-69-1,50981-41-4,478799-92-7
Cl2	Chlorine	94.65	4.217	316.0	7782-50-5,81859-29-2
F2	Fluorine	47.75	3.357	112.6	7782-41-4
HBr	Hydrogen bromide	47.58	3.353	449.0	10035-10-6
HCN	Hydrogen cyanide	60.37	3.63	569.1	74-90-8,143334-20-7
HCl	Hydrogen chloride	46.98	3.339	344.7	7647-01-0,1082661-04-8
HF	Hydrogen fluoride	39.37	3.148	330.0	7664-39-3,32057-09-3,37249-79-9,12381-92-9
HI	Hydrogen iodide	94.24	4.211	288.7	10034-85-2
H2	Hydrogen	28.51	2.827	59.7	1333-74-0,12184-90-6
H2O	Water	23.25	2.641	809.1	7732-18-5
H2O2	Hydrogen peroxide	93.24	4.196	289.3	7722-84-1,8007-30-5
H2S	Hydrogen sulfide	60.02	3.623	301.1	7783-06-4,63705-05-5,37331-50-3
Hg	Mercury	33.03	2.969	750.0	7439-97-6
HgBr2	Mercuric bromide	165.5	5.08	686.2	7789-47-1
HgCl2	Mercuric chloride	118.9	4.55	750.0	7487-94-7
HgI2	Mercuric iodide	224.6	5.625	695.6	7774-29-0
I2	Iodine	173.4	5.16	474.2	7553-56-2,12190-71-5,8031-47-8
NH3	Ammonia	30.78	2.9	558.3	7664-41-7,82168-61-4,8007-57-6
NO	Nitric oxide	53.74	3.492	116.7	10102-43-9
NOCl	Nitrosyl chloride	87.75	4.112	395.3	2696-92-6
N2	Nitrogen	69.14	3.798	71.4	7727-37-9
N2O	Nitrous oxide	70.8	3.828	232.4	10024-97-2,100240-04-8,97485-25-1
O2	Oxygen	52.6	3.467	106.7	7782-44-7
PH3	Phosphine	79.63	3.981	251.5	7803-51-2
SF6	Sulfur hexafluoride	170.2	5.128	222.1	2551-62-4
SO2	Sulfur dioxide	87.75	4.112	335.4	7446-09-5,67015-63-8
SiF4	Silicon tetrafluoride	146.7	4.88	171.9	7783-61-1
SiH4	Silicon hydride	85.97	4.084	207.6	7803-62-5
SnBr4	Stannic bromide	329.0	6.388	563.7	7789-67-5
UF6	Uranium hexafluoride	268.1	5.967	236.8	7783-81-5,11133-71-4,12134-48-4
